"beta_1_MB","beta_1_MF","beta_2","alpha","pers"
0.673231176473541,0.639560954612602,0.893792639285252,0.912133836870896,0.956793589161359
