"beta_1_MB","beta_1_MF","beta_2","alpha","pers"
0.709915825657957,0.870816963775443,0.912890819634691,0.929646443634348,0.88473159516688
