"beta_1_MB","beta_1_MF","beta_2","alpha","pers"
0.721133858348776,0.896850456454757,0.917325114881044,0.940764677147639,0.840137662576962
