"beta_1_MB","beta_1_MF","beta_2","alpha","pers"
0.765517623381902,0.82106860724389,0.95224110324391,0.89735071687842,0.93193717020125
