"beta_1_MB","beta_1_MF","beta_2","alpha","pers"
0.745872741477902,0.76442820497785,0.922076889225001,0.882810988652522,0.926614292941275
