"mean","std"
0.718587730797406,0.0505497947067605
0.812195143671859,0.0806718407243111
0.916188722309494,0.0248021687164001
0.919124768919635,0.0191005396969291
0.919588660879863,0.0365144591707056
