"beta_1_MB","beta_1_MF","beta_2","alpha","pers"
0.607060769470474,0.718027928787391,0.902949361162575,0.922180741091721,0.927620169500911
