"beta_1_MB","beta_1_MF","beta_2","alpha","pers"
0.764519376369026,0.864508628672291,0.915089737204662,0.907271015364185,0.941517750624237
