"beta_1_MB","beta_1_MF","beta_2","alpha","pers"
0.714275072654146,0.842437009867678,0.911202053249858,0.9378509572324,0.930747712392205
