"beta_1_MB","beta_1_MF","beta_2","alpha","pers"
0.775585085339708,0.845135112061836,0.958902358367706,0.937620896262264,0.895656911027515
