"beta_1_MB","beta_1_MF","beta_2","alpha","pers"
0.708765778800627,0.859117570264855,0.87541714684024,0.923617416061954,0.960129755206041
