Row,p-value,t-value,sd
EAT-26,3.97208590524847e-19,-12.2189025798739,8.02061380062003
AAI,4.88288475842482e-24,-15.2127525474836,5.42061167380972
OCI-R,1.9151250069857e-13,-9.04787691664265,8.3115614588879
height,0.000301847870010339,-3.82232269766725,20.6970169801526
weight,0.0283500971938939,-2.24244509668029,9.11092868573356
bmi,0.000615126876816908,-3.61226405953836,6.0527619294278
age,0.000134533635303664,-4.0380560133417,4.59348606166447
