Row,p-value,t-value,sd
EAT-26,8.84499134664397e-18,-11.780175975843,7.94485457926791
AAI,1.94262884565805e-21,-14.0950358201916,5.61262925400005
OCI-R,4.8458196809856e-12,-8.43941333253412,8.39502730885871
weight,0.00263133996852698,-3.14102813027684,19.5506090843324
height,0.0633231499270809,-1.89197241538839,9.28949937653621
bmi,0.00393897036958785,-3.00760396498944,5.36525859794339
age,0.000328955044928986,-3.79289343854978,4.52356467430691
