Row,mean,std,SE
EAT-26,25.8285714285714,10.6729060883036,1.80405039816953
AAI,23.9428571428571,7.25965019876326,1.2271048506651
OCI-R,22.8285714285714,11.0891725525018,1.87441227283312
weight,73.721875,23.8023817509116,4.20770638611513
height,165.9125,8.66296343544581,1.53141004759371
bmi,26.0739493501253,6.21230403188187,1.13420635078066
age,30.5714285714286,4.44764124059507,0.751788583598987
