Row,mean,std,SE
EAT-26,3.11111111111111,2.7854497228868,0.464241620481134
AAI,4.72222222222222,2.87462903058674,0.479104838431123
OCI-R,5.61111111111111,3.48283774100355,0.580472956833926
height,57.1359375,12.9681012760406,2.29245808785055
weight,161.072121212121,9.76285811045354,1.69949545529583
bmi,21.6470503425341,4.13242112268449,0.742204743841572
age,26.3333333333333,4.68432035015296,0.780720058358826
