"beta_1_MB","beta_1_MF","beta_2","alpha","pers"
0.357208130539383,0.821695162450993,0.901381674197579,0.929547691513096,0.943914533757474
