"beta_1_MB","beta_1_MF","beta_2","alpha","pers"
0.469051767841967,0.804846523126191,0.905873815633524,0.966506199398262,0.811092020708594
