"beta_1_MB","beta_1_MF","beta_2","alpha","pers"
0.588951065547007,0.756726355267271,0.745914099404336,0.945693474938332,0.915381824130567
