"beta_1_MB","beta_1_MF","beta_2","alpha","pers"
0.484516047187337,0.84650802683394,0.938064451885749,0.922438797075205,0.92937910351041
