"beta_1_MB","beta_1_MF","beta_2","alpha","pers"
0.434453174941656,0.874409247032869,0.904113209394333,0.97784368646169,0.914323480417144
