"beta_1_MB","beta_1_MF","beta_2","alpha","pers"
0.540540265831557,0.850763870997628,0.8639913998597,0.977963681589399,0.955093764893928
