"beta_1_MB","beta_1_MF","beta_2","alpha","pers"
0.533222829894085,0.895577446794995,0.924676795197486,0.956691033613338,0.92574721260355
