"beta_1_MB","beta_1_MF","beta_2","alpha","pers"
0.595650817262978,0.719773756022574,0.940697825274737,0.938769245006131,0.901871888743262
