"beta_1_MB","beta_1_MF","beta_2","alpha","pers"
0.318665170156251,0.797043304358005,0.843109485136025,0.905337899622104,0.819671246268714
