"mean","std"
0.545128583377618,0.0856800643251972
0.831138735119969,0.0563478902987177
0.881372465169942,0.0647378054290434
0.957662067509577,0.0200915317512626
0.899784147869269,0.0449465039801248
