"beta_1_MB","beta_1_MF","beta_2","alpha","pers"
0.459871730261734,0.885514741866246,0.874039109903277,0.939321413366541,0.905726905536164
