"beta_1_MB","beta_1_MF","beta_2","alpha","pers"
0.672017304271073,0.827910429334958,0.794099915077007,0.977524270250111,0.828434306892518
