"beta_1_MB","beta_1_MF","beta_2","alpha","pers"
0.673010830736783,0.849356953923019,0.922254030069268,0.973868873396762,0.910790971256557
