"beta_1_MB","beta_1_MF","beta_2","alpha","pers"
0.608149421255638,0.827619975955109,0.853670253989419,0.946134568661252,0.913960373500836
