"beta_1_MB","beta_1_MF","beta_2","alpha","pers"
0.537849444352675,0.859343068657517,0.96683018781892,0.942770714470732,0.919917760982273
