"beta_1_MB","beta_1_MF","beta_2","alpha","pers"
0.372068688633047,0.841120589430789,0.935378004183577,0.962002393304895,0.863537076392488
