"beta_1_MB","beta_1_MF","beta_2","alpha","pers"
0.625769795975451,0.873437126203249,0.93411226927495,0.967066604644679,0.910784243942213
