"beta_1_MB","beta_1_MF","beta_2","alpha","pers"
0.701905237580547,0.831344403420034,0.961489628075461,0.931082547515527,0.855692031903272
