"beta_1_MB","beta_1_MF","beta_2","alpha","pers"
0.475493067853633,0.846442230097736,0.937502376865623,0.940618337454831,0.923659817031521
