"beta_1_MB","beta_1_MF","beta_2","alpha","pers"
0.469737178671437,0.89067124993258,0.885327098240503,0.953125751870939,0.917819224698117
