"beta_1_MB","beta_1_MF","beta_2","alpha","pers"
0.496349874892104,0.695898686868152,0.913292987251264,0.919022964062682,0.803860871369878
