"beta_1_MB","beta_1_MF","beta_2","alpha","pers"
0.33111445449425,0.91104911599057,0.932944553363127,0.948914221542202,0.937049248025101
