"beta_1_MB","beta_1_MF","beta_2","alpha","pers"
0.692980796647792,0.71560760211071,0.950862533817171,0.909959663110795,0.945496328295223
