"mean","std"
0.531141796035657,0.126348115656524
0.829253404866645,0.0702870737229136
0.927140989288001,0.0348223708415492
0.942069776663853,0.0179297589998195
0.899177697614092,0.0441669743424535
