"beta_1_MB","beta_1_MF","beta_2","alpha","pers"
0.192619590100881,0.771555963153298,0.885401644063376,0.933253462972916,0.941451412490611
