"beta_1_MB","beta_1_MF","beta_2","alpha","pers"
0.542457749969128,0.727870475912746,0.865872955957339,0.968825273326342,0.852219362790737
