"beta_1_MB","beta_1_MF","beta_2","alpha","pers"
0.513168165332423,0.854553104896449,0.874576881308951,0.977828290810292,0.807020054216287
