"beta_1_MB","beta_1_MF","beta_2","alpha","pers"
0.570061573291411,0.712241423616113,0.86705517664085,0.957838588626535,0.829471184789766
