"beta_1_MB","beta_1_MF","beta_2","alpha","pers"
0.584534531723759,0.748893689847021,0.916010133559474,0.976205628800436,0.883319058106088
