"beta_1_MB","beta_1_MF","beta_2","alpha","pers"
0.695287211625942,0.685208562002246,0.883013226420636,0.935639446121987,0.91920318019115
