"beta_1_MB","beta_1_MF","beta_2","alpha","pers"
0.610073994843628,0.823752839582776,0.896335382764212,0.970738866110139,0.873021135288355
