"beta_1_MB","beta_1_MF","beta_2","alpha","pers"
0.309237764631823,0.722331960044037,0.777750255672827,0.963577868370348,0.873647333427787
