"beta_1_MB","beta_1_MF","beta_2","alpha","pers"
0.538934358180968,0.748748248083989,0.801166155822487,0.886499973731951,0.909163194941372
