"mean","std"
0.510220426621445,0.148222332485456
0.760701463932932,0.0541586200681505
0.862153243233445,0.0423490684700554
0.951848303394973,0.0278486155387178
0.877923413468366,0.0408064401133974
