"beta_1_MB","beta_1_MF","beta_2","alpha","pers"
0.545829326514488,0.811858372190648,0.854350620124295,0.948075635078782,0.890718218441502
