"mean","std"
0.383751516815816,0.138834036836598
0.736615446110282,0.109986073660043
0.806583957420894,0.0764077574963077
0.8880583072188,0.0499395329388335
0.802678308118708,0.0460632433635689
