"beta_1_MB","beta_1_MF","beta_2","alpha","pers"
0.357063529814552,0.518393921454617,0.829176161259664,0.904744574297296,0.783374779415826
