"beta_1_MB","beta_1_MF","beta_2","alpha","pers"
0.475643932311699,0.726325504910456,0.864962825411728,0.872029170416867,0.782983120624171
