"beta_1_MB","beta_1_MF","beta_2","alpha","pers"
0.343951514225484,0.866189151726744,0.746923969431722,0.843747374263948,0.880324879427887
