"beta_1_MB","beta_1_MF","beta_2","alpha","pers"
0.29278337975155,0.617403209911279,0.805822114190716,0.767933134956726,0.763372659699746
