"beta_1_MB","beta_1_MF","beta_2","alpha","pers"
0.556833303579745,0.671056161709526,0.63519863968539,0.893762071768373,0.794837948436882
