"beta_1_MB","beta_1_MF","beta_2","alpha","pers"
0.55038065180749,0.818397363205845,0.765678697664115,0.928426583058734,0.740131215615173
