"beta_1_MB","beta_1_MF","beta_2","alpha","pers"
0.25065198996331,0.743848377423695,0.81904519558145,0.915843037024751,0.871339746164111
