"beta_1_MB","beta_1_MF","beta_2","alpha","pers"
0.21772680443056,0.74865460652962,0.869766399918939,0.920846260066933,0.770848164150809
