"beta_1_MB","beta_1_MF","beta_2","alpha","pers"
0.236327379154933,0.86170678912558,0.904206200715679,0.930325779308769,0.835204305232051
