"beta_1_MB","beta_1_MF","beta_2","alpha","pers"
0.556152683118837,0.794179375105453,0.825059370349533,0.9029250870256,0.804366262420421
