"beta_1_MB","beta_1_MF","beta_2","alpha","pers"
0.769598348142109,0.688179148732082,0.821041061771913,0.97793902062061,0.824993624005218
