"beta_1_MB","beta_1_MF","beta_2","alpha","pers"
0.763511157828758,0.877801158714446,0.77512820935202,0.978098556537314,0.790612564608658
