"beta_1_MB","beta_1_MF","beta_2","alpha","pers"
0.637272479174533,0.842189009291671,0.886889869875044,0.972608581574396,0.760188621880324
