"mean","std"
0.637189623822663,0.0923206649496458
0.808156852476305,0.069320014947082
0.801162073992582,0.0786510597157793
0.973612610985105,0.00767145916647302
0.827269224079665,0.0481941311774373
