"beta_1_MB","beta_1_MF","beta_2","alpha","pers"
0.708341830383262,0.850950738097784,0.674502379385394,0.969102242424915,0.816015818768341
