"beta_1_MB","beta_1_MF","beta_2","alpha","pers"
0.659556771560691,0.780161324664602,0.739337615195413,0.981027622381646,0.768094575290835
