"beta_1_MB","beta_1_MF","beta_2","alpha","pers"
0.495842571297904,0.831907919836368,0.804547089540509,0.977216755712679,0.822746622857245
