"beta_1_MB","beta_1_MF","beta_2","alpha","pers"
0.531595895626657,0.890960785655781,0.76466396305746,0.963969553399705,0.918637836002975
