"beta_1_MB","beta_1_MF","beta_2","alpha","pers"
0.562930391708161,0.80171721160024,0.885530583230951,0.958812594006371,0.850037639119177
