"beta_1_MB","beta_1_MF","beta_2","alpha","pers"
0.605379311602629,0.695982244741783,0.922896003848962,0.97430525502462,0.873074529464746
