"beta_1_MB","beta_1_MF","beta_2","alpha","pers"
0.637867480901922,0.821718983428289,0.737083964668158,0.983045928168795,0.848290408799135
