"beta_1_MB","beta_1_MF","beta_2","alpha","pers"
0.378474012910952,0.765427561033372,0.941838688400644,0.947062773976467,0.926379815996107
