"beta_1_MB","beta_1_MF","beta_2","alpha","pers"
0.501870697795964,0.739643941923983,0.942405085474769,0.971723240723988,0.950672931389829
