"beta_1_MB","beta_1_MF","beta_2","alpha","pers"
0.544232735359625,0.834296018804441,0.927311346351589,0.949035363307292,0.920806627801499
