"beta_1_MB","beta_1_MF","beta_2","alpha","pers"
0.35838852504874,0.781411128738449,0.925757738251468,0.937226993349026,0.936785545819498
