"beta_1_MB","beta_1_MF","beta_2","alpha","pers"
0.469573664798872,0.89707621041511,0.89130080691963,0.904877469626577,0.926093627906234
