"beta_1_MB","beta_1_MF","beta_2","alpha","pers"
0.546520184089745,0.751737764278546,0.84874335661557,0.965486544392595,0.90157729370815
