"beta_1_MB","beta_1_MF","beta_2","alpha","pers"
0.5714129280598,0.825768509639208,0.963309423441035,0.949933790361444,0.837167168408676
