"beta_1_MB","beta_1_MF","beta_2","alpha","pers"
0.569633469285827,0.809035647460595,0.935174712192429,0.970988427011593,0.919998028436722
