"mean","std"
0.512669830039395,0.0879843924234176
0.808192787681622,0.0491624975509488
0.91868528764908,0.0394987849932021
0.952388313938712,0.0202363673954937
0.906963076833379,0.0363579813942657
