"beta_1_MB","beta_1_MF","beta_2","alpha","pers"
0.638281025083714,0.822037135540246,0.857725862840235,0.96481677101778,0.85206985438976
