"beta_1_MB","beta_1_MF","beta_2","alpha","pers"
0.548311057960716,0.855493958982271,0.953285856003428,0.962731765620364,0.898079874477314
