"beta_1_MB","beta_1_MF","beta_2","alpha","pers"
0.581544060087072,0.875685738856895,0.901539767708568,0.970396929363814,0.787134644750452
