"beta_1_MB","beta_1_MF","beta_2","alpha","pers"
0.39076989923347,0.781768144698812,0.828502069723942,0.96712118253648,0.814908256909186
