"beta_1_MB","beta_1_MF","beta_2","alpha","pers"
0.387153826520105,0.823863046501092,0.886267700388756,0.97167235247702,0.871725308418579
