"beta_1_MB","beta_1_MF","beta_2","alpha","pers"
0.646771114339701,0.851130392836868,0.910664720629441,0.982211125668102,0.940903148671121
