"beta_1_MB","beta_1_MF","beta_2","alpha","pers"
0.651392742343674,0.72622983967402,0.912413294314408,0.972328873901237,0.886840607435833
