"beta_1_MB","beta_1_MF","beta_2","alpha","pers"
0.523443807863567,0.753392941875066,0.92950817487156,0.98502658953041,0.857383247308526
