"mean","std"
0.576916078440782,0.116784516700702
0.816420854207476,0.0536071115639044
0.899061238069074,0.0314633826607818
0.97650213530936,0.00773760760059515
0.874495271490318,0.047189792152065
