"beta_1_MB","beta_1_MF","beta_2","alpha","pers"
0.560159828132507,0.824199482657428,0.914694447965882,0.978327382334816,0.935301528742058
