"beta_1_MB","beta_1_MF","beta_2","alpha","pers"
0.602573721067336,0.880909650407742,0.940868056406381,0.973051678024565,0.878198701293961
