"beta_1_MB","beta_1_MF","beta_2","alpha","pers"
0.734809075786683,0.865127954792714,0.880080608296157,0.972910001045007,0.884319331729934
