"beta_1_MB","beta_1_MF","beta_2","alpha","pers"
0.6905427090337,0.781901349774123,0.886073540385645,0.991975238212146,0.88823793964353
